pair,date,high,low,open,close,volume
USDT_BTC,1622548800,101.78148657306846,96.69241224441504,99.15028085267691,99.43606624626523,122194005
USDT_BTC,1622545200,103.05667854447142,97.90384461724784,100.9227211770525,100.32423782116494,90812462.85
USDT_BTC,1622541600,101.51298498141331,96.43733573234265,98.6753231856815,99.20282757901496,101992700.9
USDT_BTC,1622538000,103.80898603119142,98.61853672963184,101.74893529028344,101.7053369292554,98565251.35
USDT_BTC,1622534400,102.43420549203461,97.31249521743287,100.11835826098469,99.29326537289269,210515123.7
USDT_BTC,1622530800,104.07555860467394,98.87178067444025,102.12495442951443,101.25517563324092,100313042.7
USDT_BTC,1622527200,99.04941010021882,94.09693959520787,97.13508115804031,95.84973259790453,111290611.2
USDT_BTC,1622523600,102.40841093944735,97.28799039247498,100.6145389490546,100.2117237744904,96537837.28
USDT_BTC,1622520000,105.97277087365259,100.67413232996996,102.99890716666874,102.91585446655691,64976976.77
USDT_BTC,1622516400,103.48125396115185,98.30719126309425,100.635944210886,100.71542151144291,116905766.8
USDT_BTC,1622512800,103.6199161661093,98.43892035780384,101.20829388858817,101.60568514579825,113551230.2
USDT_BTC,1622509200,102.84543830209302,97.70316638698836,100.12495453999603,99.85404337382747,118173642.8
USDT_BTC,1622505600,103.47544811398471,98.30167570828547,101.14974326417831,100.0053643201781,196926607.5
USDT_BTC,1622502000,100.45905193545968,95.43609933868669,97.5680215515475,97.75380714157953,98660484.55
USDT_BTC,1622498400,104.09627746446817,98.89146359124476,101.66245070697637,101.113300647295,86091105.8
USDT_BTC,1622494800,101.50419490911241,96.42898516365679,99.0376360130355,99.43758539246261,54590957.95
USDT_BTC,1622491200,102.02111052057955,96.92005499455057,99.64427596286909,99.54595536312813,62422937.08
USDT_BTC,1622487600,104.23991465664011,99.0279189238081,101.14367116791384,102.07441616905588,72040569.56
USDT_BTC,1622484000,102.20353301412626,97.09335636341994,98.87020375249053,99.59991707181965,70542843.95
USDT_BTC,1622480400,104.42707249652734,99.20571887170097,101.5414312132742,100.97764015644555,147660645
USDT_BTC,1622476800,103.96999113230811,98.77149157569269,100.71300720289473,101.65247936609438,234665903
USDT_BTC,1622473200,102.77861848557637,97.63968756129755,99.7675365106887,100.07154216501873,153858395.1
USDT_BTC,1622469600,102.35188047638414,97.23428645256493,99.6253509888993,100.12438250199251,158281846.4
USDT_BTC,1622466000,103.34572897352822,98.1784425248518,100.60058767585082,100.56358470225982,185178921.1
USDT_BTC,1622462400,101.43117681841527,96.3596179774945,98.65465279128202,98.46618659934296,186290637
USDT_BTC,1622458800,100.34794542184653,95.3305481507542,97.3971812584816,98.68010377336682,190891250.1
USDT_BTC,1622455200,102.69248326092186,97.55785909787576,100.48882561216588,99.58125185286207,320451182.7
USDT_BTC,1622451600,102.45973031918923,97.33674380322977,100.21699699761199,100.07738715710626,157177579.6
USDT_BTC,1622448000,102.33315086625744,97.21649332294456,99.83161274019399,99.99878202759645,168933078.3
USDT_BTC,1622444400,99.29391588013513,94.32922008612837,96.52130548973153,97.88491745014511,213849731.4
USDT_BTC,1622440800,101.99126503474413,96.89170178300692,99.32426687196921,99.46671455962458,137432996.9
USDT_BTC,1622437200,101.14269008998158,96.0855555854825,97.83144447353429,98.7184902235623,121336201.3
USDT_BTC,1622433600,99.26981222700968,94.30632161565919,96.56239587573737,97.27884836101379,92043491.16
USDT_BTC,1622430000,101.16477060565816,96.10653207537526,98.76258641673712,98.19191972882379,118597529.7
USDT_BTC,1622426400,99.8688520359289,94.87540943413245,97.1582029338067,96.59009824175826,133842135.9
USDT_BTC,1622422800,96.2776700022051,91.46378650209483,93.71406968791476,94.89206845464363,121477337.4
USDT_BTC,1622419200,98.19217207565556,93.28256347187278,95.7284597262468,95.17540842602953,119729973.9
USDT_BTC,1622415600,97.17254112217657,92.31391406606774,94.47211875680827,95.12541725279259,57169174.33
USDT_BTC,1622412000,97.96725943077222,93.0688964592336,96.08898098322447,95.04325464141151,61845441.63
USDT_BTC,1622408400,100.11004726629297,95.10454490297832,97.04043718842107,97.50949244336454,55731642.82
USDT_BTC,1622404800,99.31139534247872,94.34582557535478,96.44880075247296,96.94679638287504,103664608.3
USDT_BTC,1622401200,95.99153482624065,91.19195808492861,92.77424714689204,93.33000086066184,58120993.68
USDT_BTC,1622397600,95.85268126501457,91.06004720176384,93.14352232907932,93.63788066128802,107074483
USDT_BTC,1622394000,96.09399296035512,91.28929331233736,94.36360266874014,93.6463749251689,78456527.12
USDT_BTC,1622390400,93.8638519796902,89.17065938070569,91.0608307235254,91.09250104566998,105816196.1
USDT_BTC,1622386800,92.7113882816665,88.07581886758317,90.71174147204039,90.66090570559983,78381085.58
USDT_BTC,1622383200,95.59300856948433,90.8133581410101,93.51220474677613,93.72376857096044,111352590.4
USDT_BTC,1622379600,88.32234713106328,83.90622977451011,85.50719894190537,86.40467343754412,100905892
USDT_BTC,1622376000,90.68365088269226,86.14946833855764,88.92708182801094,88.16781236824353,173937486.5
USDT_BTC,1622372400,93.73643402152683,89.04961232045049,90.54934351672146,91.5938180572331,145323843.4
USDT_BTC,1622368800,94.48110363595099,89.75704845415343,92.06077332824535,92.4848602173566,98745851.24
USDT_BTC,1622365200,90.46068956050217,85.93765508247706,88.05766292956385,88.18220149874651,76117938.65
USDT_BTC,1622361600,88.62261985768009,84.19148886479609,86.61761687035094,86.57515533622737,118728731.2
USDT_BTC,1622358000,88.7461524022038,84.30884478209362,86.21130196750504,86.16041274392639,146548011.3
USDT_BTC,1622354400,86.99596597945447,82.64616768048174,84.97924957662876,84.12258753779784,166608363.9
USDT_BTC,1622350800,85.00718876393174,80.75682932573514,83.29869233755586,83.0761405042826,145924860.6
USDT_BTC,1622347200,82.99147570903622,78.8419019235844,80.59727748419276,80.55850722702694,125181274.2
USDT_BTC,1622343600,83.41537130289709,79.24460273775223,81.21677691019252,80.87826872201121,101174774.5
USDT_BTC,1622340000,82.25440178758429,78.14168169820506,80.46346871706616,79.87381324053237,89074825.43
USDT_BTC,1622336400,81.58450488851359,77.5052796440879,79.57749864839666,80.59912119958834,91097967.23
USDT_BTC,1622332800,82.86148285486789,78.71840871212449,79.80703179504881,80.1479825250249,205012385.1
USDT_BTC,1622329200,82.08270959298176,77.97857411333267,80.76999795385262,80.69749484541123,131158843.1
USDT_BTC,1622325600,79.4116599301111,75.44107693360554,76.86482931590118,77.50639087660008,83879883.12
USDT_BTC,1622322000,75.35305244591984,71.58539982362385,72.94021738727608,73.02754289200443,114348571.5
USDT_BTC,1622318400,75.91966105034214,72.12367799782503,73.45128954859875,73.8194334055822,158829092.6
USDT_BTC,1622314800,75.90339724386179,72.1082273816687,74.2363913737934,73.59678640075134,140430109.2
USDT_BTC,1622311200,75.72249957643731,71.93637459761544,73.84239695720485,73.65387248234076,185151195.2
USDT_BTC,1622307600,71.90503064489644,68.30977911265161,70.30081138836731,69.93305035119326,205825824.2
USDT_BTC,1622304000,74.33430513787114,70.61758988097758,72.56533394949889,72.20145249102598,214037791.7
USDT_BTC,1622300400,72.96939165837858,69.32092207545965,70.56787039166969,70.61616705036198,330081680
USDT_BTC,1622296800,73.68095535456652,69.99690758683819,71.89264365650558,72.44114124997002,215487178.6
USDT_BTC,1622293200,67.10575128010979,63.75046371610429,64.95315451343846,65.60220150601971,274765199.4
USDT_BTC,1622289600,65.85287743403595,62.56023356233415,64.06810264403558,64.25019180655076,173866115.8
USDT_BTC,1622286000,68.29028968352796,64.87577519935155,66.78830246923486,66.5834379059404,216141324.8
USDT_BTC,1622282400,66.8172185144197,63.476357588698704,65.72986262626931,64.5182411078353,117187091.3
USDT_BTC,1622278800,70.4941320068293,66.96942540648783,68.84738764063817,68.51334999792792,227642392.5
USDT_BTC,1622275200,64.75820037148456,61.52029035291033,62.68342514590691,62.71367014514989,125944953.2
USDT_BTC,1622271600,64.52722683316597,61.300865491507665,62.90570009712393,62.56652650831293,126533997.5
USDT_BTC,1622268000,66.6291864627375,63.29772713960062,64.85753772608497,65.11209819856849,107203274.3
USDT_BTC,1622264400,61.618925799898754,58.53797950990381,59.865257003388656,60.54510497469342,186107916.1
USDT_BTC,1622260800,62.06255552632694,58.95942775001059,60.17701463947809,60.1625695622237,125984686.7
USDT_BTC,1622257200,61.13810172005421,58.081196634051494,59.37293113765329,60.29688774480282,100231637.7
USDT_BTC,1622253600,61.57486277622242,58.4961196374113,59.56700914083482,60.24196099046554,134320529
USDT_BTC,1622250000,58.731412850260234,55.79484220774722,57.86194521679057,57.28041857401297,111228863.9
USDT_BTC,1622246400,60.60281440688458,57.57267368654035,58.674047001297104,59.05253245731791,143455184
USDT_BTC,1622242800,54.5914912449122,51.86191668266659,52.52405980068879,53.170731673831554,129674041.6
USDT_BTC,1622239200,55.126221636555194,52.36991055472743,53.46384905927827,54.20456787449741,183745768.8
USDT_BTC,1622235600,56.03459654323255,53.23286671607092,54.67268429358516,54.912468744416266,248149599.7
USDT_BTC,1622232000,50.83461285727677,48.29288221441293,49.6622269795447,49.63853094693605,209437195.5
USDT_BTC,1622228400,55.681491741854785,52.897417154762046,54.54057602892667,54.461742541037864,189112516.1
USDT_BTC,1622224800,51.99730338142473,49.39743821235349,51.33997231893429,50.762720745478084,157052322.4
USDT_BTC,1622221200,51.14028010409902,48.583266098894065,49.688389551547054,49.98055852834354,193182777.1
USDT_BTC,1622217600,52.08279546527345,49.478655692009774,50.828528119431425,50.714221443002195,287202560.1
USDT_BTC,1622214000,55.13709129444339,52.38023672972122,53.843893721193375,53.643866463556925,130477276.6
USDT_BTC,1622210400,51.99117268239907,49.39161404827911,50.9021810251854,50.87722439095343,133806025.4
USDT_BTC,1622206800,50.01041683216323,47.509895990555066,48.6178207214851,48.671668185545606,234158668.6
USDT_BTC,1622203200,52.63582265728449,50.00403152442026,51.35742136819278,51.18870171882207,332240545.3
USDT_BTC,1622199600,54.56254990278719,51.83442240764783,53.33236490997653,52.96085809505913,224790840.4
USDT_BTC,1622196000,51.98680060361036,49.38746057342984,51.07194035775969,50.59872047520543,228363624.3
USDT_BTC,1622192400,51.0088519547115,48.45840935697593,49.65413376359265,50.15223011727877,354141970.6
USDT_BTC,1622188800,53.30745746945807,50.64208459598517,51.94811571799779,52.22893798497629,287909047.2
USDT_BTC,1622185200,49.37660091503468,46.90777086928294,48.02706788133276,48.44679327724114,246738863.4
USDT_BTC,1622181600,51.991384997478946,49.391815747604994,50.71079781468947,50.488642544321834,242862100.4
USDT_BTC,1622178000,51.4369981189849,48.86514821303565,50.71240492232108,50.35019424212696,230120809
USDT_BTC,1622174400,52.91600566072739,50.27020537769102,51.905658761694795,51.563316910800474,225827187.4
USDT_BTC,1622170800,51.708344855197254,49.12292761243739,50.41966982642984,50.35987104258647,95009772.86
USDT_BTC,1622167200,56.59400534606961,53.76430507876613,55.42343039928568,54.73893443091167,80772392.38
USDT_BTC,1622163600,53.76037532329184,51.07235655712724,52.82899111670114,52.31315083265283,120865791.9
USDT_BTC,1622160000,56.38636010729782,53.56704210193293,54.82963174689498,54.885233939343905,160619245
USDT_BTC,1622156400,53.3937782318968,50.724089320301964,52.06022182723565,52.34651065119823,84198712.49
USDT_BTC,1622152800,54.07588993046395,51.37209543394075,52.831861395745406,52.6165542558543,100720455.6
USDT_BTC,1622149200,54.87555928008797,52.13178131608357,53.21670456074721,53.13362077697209,132040356.4
USDT_BTC,1622145600,56.1042229866469,53.29901183731455,55.17760068525702,54.66920472664909,89887463.81
USDT_BTC,1622142000,56.22825121936432,53.416838658396095,54.68675508315746,54.3457887066087,100838351.1
USDT_BTC,1622138400,55.577707121336005,52.7988217652692,54.68687907965163,54.16108741903835,73102056.22
USDT_BTC,1622134800,56.324757068648445,53.50851921521602,54.664976876686005,54.80329165409267,125867669
USDT_BTC,1622131200,56.30525653989112,53.48999371289656,54.476564619447785,54.76054711370512,250509368.2
USDT_BTC,1622127600,58.91174455499906,55.96615732724911,57.425729399166585,56.761642697262545,174204735.7
USDT_BTC,1622124000,57.246490086797735,54.38416558245785,55.82161242073104,55.52497823650227,135613376.1
USDT_BTC,1622120400,54.93185143882921,52.18525886688775,53.47704769189967,53.09981558651046,248529842.1
USDT_BTC,1622116800,57.928478616908244,55.03205468606283,56.44090104736363,55.791620592246225,175126213.5
USDT_BTC,1622113200,57.31730971270079,54.45144422706575,55.80457655786237,55.99792634949209,165054384.3
USDT_BTC,1622109600,62.951245647750355,59.803683365362836,61.52110328332234,61.36415905954046,155805336.3
USDT_BTC,1622106000,59.866481685567614,56.87315760128923,57.659705331761046,58.78591618096318,143116390.3
USDT_BTC,1622102400,60.52730997787534,57.50094447898157,59.082276601026,59.572817934090374,170723409.6
USDT_BTC,1622098800,61.62997275413282,58.54847411642618,59.793882393846275,60.55782776640712,90158790.61
USDT_BTC,1622095200,63.89495983809108,60.70021184618653,62.24261039827381,62.15146661469153,109052629
USDT_BTC,1622091600,62.364321999183055,59.2461058992239,60.80894621636025,61.02275492310147,129561520.5
USDT_BTC,1622088000,66.12884559732642,62.82240331746009,64.23841054583562,64.56854941723441,100127744.1
USDT_BTC,1622084400,68.08052657228818,64.67650024367377,66.28610761579895,66.1191243286395,151273829.3
USDT_BTC,1622080800,66.03552808493147,62.7337516806849,64.98248778271153,64.22378057108256,136921782.2
USDT_BTC,1622077200,69.45972467374591,65.98673844005862,67.80829117256849,67.68928478611637,186680198.4
USDT_BTC,1622073600,67.44402436849359,64.07182315006891,65.60043677289535,65.90551048699082,132298911.2
USDT_BTC,1622070000,69.27499270127585,65.81124306621206,67.25712558543589,67.26631151111538,107986204.9
USDT_BTC,1622066400,65.97994651718453,62.6809491913253,63.975536719264625,64.90676029141159,96061722.93
USDT_BTC,1622062800,66.32770549797806,63.01132022307915,64.8632015090405,64.60904811924983,117298476.8
USDT_BTC,1622059200,70.9159136397841,67.37011795779489,69.7620588297368,68.74101748056373,116812909.9
USDT_BTC,1622055600,70.67326068820626,67.13959765379595,69.08048210485977,69.4341064456378,182699869
USDT_BTC,1622052000,74.51858335652983,70.79265418870334,72.6579521748262,72.94623918719773,130465974.4
USDT_BTC,1622048400,77.35657893484317,73.488749988101,75.31812820485504,75.079655009655,193815887.7
USDT_BTC,1622044800,73.94746647776965,70.25009315388117,72.75107945142076,72.10167184421783,180248435.5
USDT_BTC,1622041200,77.74440554126932,73.85718526420585,75.98987395678255,75.54314148841321,237471856.7
USDT_BTC,1622037600,75.55611831535707,71.77831239958921,74.0576955176421,73.02704858557773,207684105.3
USDT_BTC,1622034000,78.9684872618516,75.02006289875902,76.82422414635694,77.16438694288037,287655917
USDT_BTC,1622030400,80.04069410364076,76.03865939845872,78.16200346051588,77.63165948820945,172753936
USDT_BTC,1622026800,80.56912049359902,76.54066446891906,79.08573914050437,78.39523511834066,124627911.6
USDT_BTC,1622023200,79.00364793163537,75.0534655350536,76.70654585130646,77.64139135158719,204294319.3
USDT_BTC,1622019600,83.88197969616215,79.68788071135404,81.84412727280969,82.01223358261677,108695403.6
USDT_BTC,1622016000,82.63000785028468,78.49850745777044,81.05436023421454,80.34706388284647,259202807.1
USDT_BTC,1622012400,84.28346915399199,80.06929569629239,82.08413303196964,82.46986025549253,154758323.2
USDT_BTC,1622008800,83.54589567290148,79.3686008892564,81.20584749987549,81.8455580123512,330800678.8
USDT_BTC,1622005200,85.72602494845925,81.43972370103629,82.5079240199028,83.94558780202586,122546660.7
USDT_BTC,1622001600,84.45538228107523,80.23261316702147,82.286158699436,82.48373388160877,121947164.7
USDT_BTC,1621998000,86.39113536336531,82.07157859519704,84.70245244560279,84.06010883705264,134768133.8
USDT_BTC,1621994400,92.15655190728502,87.54872431192076,90.71295531150527,89.41168974036384,249964412.2
USDT_BTC,1621990800,87.92438236173838,83.52816324365146,85.39015330362415,85.82751346219115,129409884.6
USDT_BTC,1621987200,91.068744313404,86.5153070977338,88.85627302815216,87.45926573268937,141746509.4
USDT_BTC,1621983600,89.6091988915118,85.1287389469362,87.6372437290322,87.18226205148497,83927516
USDT_BTC,1621980000,91.39078370304502,86.82124451789277,88.63247992400235,89.1061632729309,141277250.2
USDT_BTC,1621976400,93.92091272482566,89.22486708858438,91.11678225744268,91.51569511275606,89409482.74
USDT_BTC,1621972800,94.10000022466967,89.39500021343618,90.76741611377429,92.0706947314379,94457166.02
USDT_BTC,1621969200,91.86466991853632,87.2714364226095,89.4105879355192,89.34061581402308,130174586.5
USDT_BTC,1621965600,94.60028574525442,89.8702714579917,91.98501856762185,92.59514324756321,103220157.8
USDT_BTC,1621962000,99.38051186444966,94.41148627122718,96.5362793363456,97.2123888598143,101641094.3
USDT_BTC,1621958400,98.26217427523513,93.34906556147337,95.42061799721789,95.30037245014847,143345228.7
USDT_BTC,1621954800,99.11270761378667,94.15707223309732,96.44114043350949,96.48437550069428,327818021.7
USDT_BTC,1621951200,98.75284925380359,93.81520679111341,95.64997032651436,95.66324957208508,226865980.7
USDT_BTC,1621947600,101.68998977249925,96.60549028387427,98.81007132787575,99.41396598245183,264811068.2
USDT_BTC,1621944000,103.10092252058914,97.94587639455968,101.53084990179545,100.48475114778422,199205471.9
USDT_BTC,1621940400,104.06113984074068,98.85808284870365,101.27432250224075,101.33349450655157,218781549.2
USDT_BTC,1621936800,99.86980567463084,94.8763153908993,97.83058875950303,97.19584999987674,328174302.1
USDT_BTC,1621933200,105.33283460006488,100.06619287006164,103.30041607512862,102.54397894473975,159713714.3
USDT_BTC,1621929600,111.06550053153228,105.51222550495567,107.42301566138295,108.35714352743523,171653476.5
USDT_BTC,1621926000,102.00525683398862,96.90499399228919,99.28995575569589,100.74368834581315,136260670.2
USDT_BTC,1621922400,107.16233249320021,101.8042158685402,103.88980105713162,104.48467328044507,170449875.4
USDT_BTC,1621918800,106.13539200128322,100.82862240121905,103.6038496354928,104.2896195277718,132080760
USDT_BTC,1621915200,109.90674041887631,104.41140339793249,107.07123964275551,107.79125138646877,189032893.7
USDT_BTC,1621911600,106.01468129944078,100.71394723446873,103.24570680966538,103.33470395640242,195647441.6
USDT_BTC,1621908000,110.44203734031932,104.91993547330334,108.35185219352724,107.46390649987737,162003769
USDT_BTC,1621904400,110.89814239304299,105.35323527339084,108.59553571528785,107.34426745982569,196553070.6
USDT_BTC,1621900800,112.86178711693177,107.21869776108517,109.6633407649166,110.49037953849547,287015032
USDT_BTC,1621897200,108.72269379396154,103.28655910426346,105.92471164871536,106.74147765774812,115041712.9
USDT_BTC,1621893600,116.06197739662048,110.25887852678945,113.94436724343844,113.34827850810781,144361546.1
USDT_BTC,1621890000,114.15172927907615,108.44414281512233,110.61507368034225,111.57274605521455,177481486.7
USDT_BTC,1621886400,113.41002293652915,107.73952178970268,110.98553517426097,109.99405390445605,355912949.1
USDT_BTC,1621882800,114.12367630286882,108.41749248772537,110.7861805170257,112.11761287217715,408708639.1
USDT_BTC,1621879200,115.50897368118785,109.73352499712846,112.69658709090558,111.85240397369044,199153943.9
USDT_BTC,1621875600,113.6487545727022,107.96631684406708,111.38313901920426,110.93599280258464,171593901.9
USDT_BTC,1621872000,113.5820076851605,107.90290730090247,111.18442022517856,110.67098083161314,302480511.1
USDT_BTC,1621868400,114.38770391409668,108.66831871839183,111.63780195766763,111.11606569367906,238789246.2
USDT_BTC,1621864800,115.72578056980991,109.93949154131941,113.92895322768645,112.525135518467,239457597.7
USDT_BTC,1621861200,113.64653858860905,107.96421165917859,110.62128054485943,109.94652657570307,358809919.5
USDT_BTC,1621857600,113.01638424170923,107.36556502962377,109.63239042576308,109.29792447771038,399327461.5
USDT_BTC,1621854000,111.80305298853341,106.21290033910674,108.64958336217246,109.56053204554883,435104768.7
USDT_BTC,1621850400,109.08854080557157,103.63411376529298,107.56208158486845,106.9051688004166,280432789.7
USDT_BTC,1621846800,110.24475928173162,104.73252131764504,107.21170542952441,107.66673440994371,185294286.6
USDT_BTC,1621843200,106.45596615712407,101.13316784926786,103.34665389861685,104.8047424828685,279700863.7
USDT_BTC,1621839600,104.66843847576573,99.43501655197744,101.32084787093397,100.71579874849895,376728347
USDT_BTC,1621836000,109.65417470097353,104.17146596592485,106.99692849628926,107.33573941628987,203650917.3
USDT_BTC,1621832400,107.6005151991373,102.22048943918044,105.3910724343165,105.50294367846212,137212256.9
USDT_BTC,1621828800,108.01131508004302,102.61074932604086,105.28820892424218,105.36249466622087,196193251.4
USDT_BTC,1621825200,108.5856451572161,103.1563628993553,106.29949419895058,105.26854854752766,174595878
USDT_BTC,1621821600,106.55314233170054,101.22548521511551,104.58739388336815,103.70766514451932,179974540.8
USDT_BTC,1621818000,106.37701229180973,101.05816167721925,104.2969506534436,104.06894679139856,179937146.7
USDT_BTC,1621814400,106.16814757238271,100.85974019376357,103.81123852442549,103.05196262564736,256829069.6
USDT_BTC,1621810800,102.75393269246581,97.61623605784251,100.94046621839165,100.48662082500854,152619772.4
USDT_BTC,1621807200,101.13888689609954,96.08194255129456,98.01450355627689,98.78756636835952,165634678.5
USDT_BTC,1621803600,98.71369335346922,93.77800868579575,96.27319282881358,95.76108899301057,185237221.1
USDT_BTC,1621800000,100.59898122436385,95.56903216314565,97.68760630250904,96.9826001068747,221720641.7
USDT_BTC,1621796400,99.83339944710852,94.8417294747531,97.98493365718548,97.16735132192254,232111472
USDT_BTC,1621792800,101.24882988988003,96.18638839538602,99.74841472238384,99.17857919300836,350535883.4
USDT_BTC,1621789200,94.84468228467239,90.10244817043876,92.81032244676885,91.73807868758973,463648115.5
USDT_BTC,1621785600,97.64519922320046,92.76293926204043,96.23190043194981,94.33540954404944,867393397.2
USDT_BTC,1621782000,97.08288492604525,92.22874067974298,94.34721802546096,94.49400058914436,259993343.8
USDT_BTC,1621778400,97.77735551760588,92.88848774172558,95.99504792047907,94.91697880693572,376212234.8
USDT_BTC,1621774800,93.15907657019942,88.50112274168944,91.0552418880773,90.89252751476126,589502627.6
USDT_BTC,1621771200,92.75785051721464,88.1199579913539,89.99119960951973,90.20292959296803,592868589.1
USDT_BTC,1621767600,94.68192854328758,89.9478321161232,91.53663333726624,92.46064404808017,238169414.1
USDT_BTC,1621764000,92.30334869556116,87.6881812607831,90.06726988147214,89.98714825911485,329386894.3
USDT_BTC,1621760400,88.62078800889704,84.18974860845218,86.19362906446459,86.26202060227025,480445609
USDT_BTC,1621756800,89.61507169144515,85.1343181068729,87.48873815617424,87.2933014783665,639511583
USDT_BTC,1621753200,86.80442619035247,82.46420488083484,84.99308525676769,84.42408390750016,264390431.6
USDT_BTC,1621749600,89.67560616145946,85.19182585338648,87.27721362739744,87.34789971929813,196634070.9
USDT_BTC,1621746000,86.45279842924167,82.13015850777958,84.62967491991763,84.46829472500767,163235104.2
USDT_BTC,1621742400,83.37627799079844,79.20746409125852,81.6297925485433,81.5525921236774,103763416.6
USDT_BTC,1621738800,85.55543706106985,81.27766520801636,83.76062818195187,84.05493281249036,98694700.73
USDT_BTC,1621735200,79.62269514710322,75.64156038974805,77.53245842539707,78.2391119070518,109207716.8
USDT_BTC,1621731600,80.68348294178348,76.6493087946943,78.79905628980693,78.0937993675074,96668700.48
USDT_BTC,1621728000,82.98705525238059,78.83770248976155,81.04777349797409,80.83222379995058,253656844.5
USDT_BTC,1621724400,80.73655837932567,76.69973046035939,79.64356089341032,78.70919811507306,102792663.3
USDT_BTC,1621720800,80.17830267652984,76.16938754270335,78.28048339494278,77.45234257803806,155459148.3
USDT_BTC,1621717200,76.89209512824449,73.04749037183227,75.26669074610493,74.96011119328715,119303179.6
USDT_BTC,1621713600,75.49835669832851,71.72343886341208,73.59661103740518,73.96816538924965,116526033.4
USDT_BTC,1621710000,75.37392246968008,71.60522634619608,73.90332244135854,73.69476371979825,131459106.9
USDT_BTC,1621706400,71.13725738041012,67.58039451138961,69.50821939170703,69.40846702394042,162528624.6
USDT_BTC,1621702800,70.30892865286732,66.79348222022395,68.8629093118759,68.06403637350279,156613161.6
USDT_BTC,1621699200,72.36441537601468,68.74619460721394,70.20891612843306,70.91236881168336,190456728.1
USDT_BTC,1621695600,74.89148848143584,71.14691405736404,72.6469095687644,72.92618543552516,254162630.1
USDT_BTC,1621692000,72.26726814473982,68.65390473750283,70.77805749331148,70.43092494409831,231202840.1
USDT_BTC,1621688400,70.37716171142341,66.85830362585224,69.0462484809845,69.1288446542343,193106738
USDT_BTC,1621684800,65.22810245726996,61.966697334406454,63.40577051051289,64.12628833771005,199329515.8
USDT_BTC,1621681200,68.33519537798281,64.91843560908367,66.99608291609245,66.98491086835323,183042240
USDT_BTC,1621677600,68.57109134700204,65.14253677965193,66.27304775561399,66.64853819001843,350992503.8
USDT_BTC,1621674000,66.65740211262157,63.32453200699049,64.78826972745216,65.26250730922126,173903668.2
USDT_BTC,1621670400,66.14911616840548,62.841660359985205,64.15957176544468,64.67852155370207,214263890.7
USDT_BTC,1621666800,66.02571780521079,62.724431914950245,64.52995036706555,64.21633788194441,202860113.9
USDT_BTC,1621663200,62.39071350652023,59.271177831194215,61.344063767628064,60.79202301218437,187152488
USDT_BTC,1621659600,64.84496871686655,61.60272028102322,63.28721664971205,63.316860319163574,269966548
USDT_BTC,1621656000,58.090741832191284,55.186204740581715,56.40945554583113,56.5255779904869,267565326.7
USDT_BTC,1621652400,60.341667546628905,57.32458416929746,58.56899995163811,58.91791324607314,301066254.6
USDT_BTC,1621648800,59.80821103248469,56.817800480860456,58.437428108070065,58.44299188920648,189873491.7
USDT_BTC,1621645200,55.53427132172198,52.75755775563588,54.105751639507254,54.44959697107708,184903880.5
USDT_BTC,1621641600,59.54848339654967,56.571059226722184,58.155435059386676,58.38025928193421,192036871.9
USDT_BTC,1621638000,59.99221975269315,56.99260876505849,58.286230273817154,58.4173509027272,219771768.9
USDT_BTC,1621634400,55.72238983288388,52.936270341239684,54.22383429524829,54.403117389224725,306559033.2
USDT_BTC,1621630800,55.1746965884825,52.41596175905837,53.805336002951506,54.05307154750312,664727326
USDT_BTC,1621627200,53.82185200296821,51.13075940281979,52.795950032021445,52.862167764004255,327179350.8
USDT_BTC,1621623600,56.53893959583989,53.711992616047894,54.487385302953555,54.84007804440552,402964564
USDT_BTC,1621620000,53.37330992114084,50.70464442508379,51.515469647003336,51.70594409705804,249743884.7
USDT_BTC,1621616400,50.35530733565861,47.837541968875676,48.90689946408583,49.14549823627251,311034909.1
USDT_BTC,1621612800,54.39812195334245,51.67821585567532,52.84821223480623,52.97707820224428,550012202.5
USDT_BTC,1621609200,56.06682854728416,53.26348711991995,54.85228749783603,55.116359139071264,709607192.7
USDT_BTC,1621605600,52.13408843122387,49.527384009662676,50.653282620732206,50.54752092786052,1250882884
USDT_BTC,1621602000,54.35115266655873,51.63359503323079,52.80658838761809,53.28161139670997,147670655.5
USDT_BTC,1621598400,49.63470213884574,47.15296703190345,48.1960834779762,48.46234301064649,237974697.1
USDT_BTC,1621594800,52.72719202457382,50.09083242334513,51.50995790897323,51.46307317558071,182600891.1
USDT_BTC,1621591200,51.195153520815204,48.63539584477444,49.97786800565184,50.064385572350844,203737395.7
USDT_BTC,1621587600,48.4005327584483,45.98050612052588,46.973173718830886,46.984563998653,238171442
USDT_BTC,1621584000,51.07220382206002,48.518593630957014,50.156732986957465,49.56505972873582,248235070.9
USDT_BTC,1621580400,46.68288052309185,44.348736496937256,45.65319777204833,45.43449071714475,165296139.1
USDT_BTC,1621576800,44.33698275786064,42.1201336199676,43.06267943021637,43.101519188348206,238116764.8
USDT_BTC,1621573200,44.37832398215462,42.15940778304689,43.432856603660035,43.62855570475726,148378008.1
USDT_BTC,1621569600,45.001855194476505,42.75176243475268,43.937767066331645,43.84178588603895,213574191.3
USDT_BTC,1621566000,50.186263630057205,47.676950448554344,48.70381570274284,48.79832563265977,152410310.3
USDT_BTC,1621562400,42.60347665647507,40.47330282365131,41.753706789483395,41.54657198087209,132515885
USDT_BTC,1621558800,49.94847509011775,47.451051335611865,48.81892576235981,48.49581750769838,142890174.5
USDT_BTC,1621555200,46.36957946092978,44.05110048788329,45.47769276126806,45.45328481878243,269291869.3
USDT_BTC,1621551600,46.93239912619056,44.58577916988103,45.38386489942365,45.99378368160596,196905782
USDT_BTC,1621548000,49.2376914587436,46.77580688580642,47.70919062215529,48.06038179752945,260438184.2
USDT_BTC,1621544400,48.860511922595414,46.41748632646564,47.78345556690164,47.4702976599488,109676750.6
USDT_BTC,1621540800,49.96078387644423,47.46274468262202,48.90746080353301,49.006939474936296,165472490.4
USDT_BTC,1621537200,52.39535745318537,49.775589580526095,50.94898840245536,51.420888916013936,182616032.4
USDT_BTC,1621533600,53.48883999045096,50.81439799092841,52.21826838408523,51.67289815615067,197426013.9
USDT_BTC,1621530000,54.07129874427771,51.36773380706382,52.42270489848762,53.15185371702032,301348964.2
USDT_BTC,1621526400,51.21673727020952,48.65590040669904,49.924688560237755,49.65281553960572,752470655.2
USDT_BTC,1621522800,58.206342435139604,55.29602531338262,56.24542164406555,57.18495112002995,260651927.8
USDT_BTC,1621519200,50.82470934887961,48.283473881435626,49.61485341415098,49.227292376950416,364029177.3
USDT_BTC,1621515600,61.33421444741339,58.267503725042715,59.76429738080292,59.14504263750784,457114594.3
USDT_BTC,1621512000,57.9534431759482,55.05577101715079,56.26117930690815,56.404319436570084,501811327.1
USDT_BTC,1621508400,58.75885843634648,55.820915514529155,57.04704370730521,57.01305970743191,299574376.5
USDT_BTC,1621504800,59.84719672768802,56.85483689130362,58.177386804525106,57.70762946877614,357527359.5
USDT_BTC,1621501200,61.54540644521579,58.468136122954995,60.52691433998277,59.946365244446824,301816562.1
USDT_BTC,1621497600,57.812779076277735,54.922140122463844,56.31532048646515,56.51139416797843,235517317
USDT_BTC,1621494000,61.24041987732558,58.178398883459295,59.9507359697223,59.45853816614895,352447232.4
USDT_BTC,1621490400,61.7837843785718,58.69459515964321,60.575823516187405,60.42893009459467,305992927
USDT_BTC,1621486800,65.29330019725337,62.0286351873907,63.973323374534196,63.917458893919445,283535563.4
USDT_BTC,1621483200,67.98814881956994,64.58874137859144,65.6575865417811,66.3886376757082,338106769.8
USDT_BTC,1621479600,65.30865069618588,62.04321816137658,62.69888935577695,63.26410231744941,272713561.6
USDT_BTC,1621476000,72.83647449001738,69.19465076551651,70.53328234255798,71.3490869703582,320029893.7
USDT_BTC,1621472400,67.61975729054063,64.2387694260136,66.12316264574412,66.30598976496083,545771871.6
USDT_BTC,1621468800,69.7492894194566,66.26182494848376,68.20978596691094,67.98518385064641,656901733.2
USDT_BTC,1621465200,78.40823287915381,74.48782123519612,76.46864511063654,76.30788380546164,393986225
USDT_BTC,1621461600,73.40391671444394,69.73372087872174,71.24348253440876,71.02582691965804,288299570.2
USDT_BTC,1621458000,74.21834129924062,70.50742423427859,72.28340698712091,72.67329670710674,347224737.5
USDT_BTC,1621454400,72.8368220069348,69.19498090658806,70.43987212642014,71.3261843115534,403432674.2
USDT_BTC,1621450800,79.38928078853628,75.41981674910947,77.34639298762099,77.88511838825103,378677273.3
USDT_BTC,1621447200,80.14396113999325,76.13676308299358,77.96971795811785,78.17843216327033,466158744.4
USDT_BTC,1621443600,76.97897270768938,73.1300240723049,74.59044058659384,74.89344478502085,647031928.4
USDT_BTC,1621440000,80.79858254100742,76.75865341395705,78.86909225026,78.47422898187143,958481252.3
USDT_BTC,1621436400,82.33676841748759,78.2199299966132,79.74178986884105,79.89300238210586,804241871.9
USDT_BTC,1621432800,80.72898087681862,76.69253183297769,78.75407755501104,78.78420890378229,858701434
USDT_BTC,1621429200,84.77093386507647,80.53238717182265,82.40804003347831,83.24442036962013,1514464825
USDT_BTC,1621425600,83.86369389065787,79.67050919612497,81.44124393444893,81.4214993863737,1123955119
USDT_BTC,1621422000,88.0054574552986,83.60518458253367,85.81869913918948,85.56987985469222,996784867.1
USDT_BTC,1621418400,86.49034345296053,82.1658262803125,84.04450045385276,84.06867773746436,357584419.9
USDT_BTC,1621414800,88.55441945433566,84.12669848161887,86.54480086267583,86.8710327126615,214566485.8
USDT_BTC,1621411200,90.95375873420964,86.40607079749915,89.14291334737989,88.331209842989,291574018
USDT_BTC,1621407600,88.11447941848508,83.70875544756082,86.11879701342484,85.40315926305477,415508158.8
USDT_BTC,1621404000,86.23665396723979,81.92482126887779,83.5783514391784,83.97097045429565,328101147.2
USDT_BTC,1621400400,90.90826430754095,86.3628510921639,88.57992932953732,88.30143956038175,495838977.1
USDT_BTC,1621396800,87.72210811219121,83.33600270658164,85.88905661025197,86.01972036732528,700936623.5
USDT_BTC,1621393200,95.25587988119857,90.49308588713863,92.47204292374286,92.66555225520386,370711746.3
USDT_BTC,1621389600,96.08295588345923,91.27880808928627,94.41341688033671,93.08764264212226,351694034.6
USDT_BTC,1621386000,95.25642209837811,90.4936009934592,92.51760986343623,91.94310323307988,552531128.7
USDT_BTC,1621382400,96.74991441912712,91.91241869817077,94.62928958028628,94.45697140598291,217207672.7
USDT_BTC,1621378800,97.87841613796382,92.98449533106563,95.45268663651335,95.6238341150796,221078909.6
USDT_BTC,1621375200,99.82250857233942,94.83138314372243,97.48766272778579,97.64666981985964,129914174.6
USDT_BTC,1621371600,99.58864080360591,94.60920876342561,97.76210103766223,97.01517596308662,112746833.3
USDT_BTC,1621368000,97.45584462447628,92.58305239325247,95.15437816004304,95.45361342090798,162090244
USDT_BTC,1621364400,99.13435052472433,94.17763299848811,96.03417087775891,96.47150284563135,202187536.1
USDT_BTC,1621360800,99.87023567559157,94.87672389181199,97.2620146492398,97.30504358481527,259759114.6
USDT_BTC,1621357200,99.41406545764707,94.44336218476471,96.33557176526175,96.29680095398697,193501724.9
USDT_BTC,1621353600,101.99608026383993,96.89627625064793,98.55633880460644,99.71436020191855,347060015.7
USDT_BTC,1621350000,101.9174780415863,96.82160413950699,99.95702717597523,99.45797554873839,322009953.5
USDT_BTC,1621346400,105.89304435031767,100.59839213280178,104.04283854063347,103.66536533554137,382920221.9
USDT_BTC,1621342800,111.22468676228738,105.663452424173,108.44194048249801,108.24216143027316,307606212.2
USDT_BTC,1621339200,106.25526484036735,100.94250159834897,102.8782085638559,103.31519165921513,276095596.4
USDT_BTC,1621335600,104.1204560453635,98.91443324309532,101.15053230048409,101.14511642752281,138183579.5
USDT_BTC,1621332000,106.8673245874595,101.52395835808653,103.96410897962386,104.261534003204,131297325.1
USDT_BTC,1621328400,106.15892840222135,100.85098198211028,103.76630736091631,104.37184445157746,158936710.3
USDT_BTC,1621324800,106.80986596129937,101.4693726632344,104.45942882349473,104.61999614604717,162893077
USDT_BTC,1621321200,108.71973819776699,103.28375128787863,105.50069595383697,105.32669617241268,172213477.2
USDT_BTC,1621317600,109.41724991497048,103.94638741922195,106.37803569418877,106.7608896103917,216968005.9
USDT_BTC,1621314000,109.91399226324886,104.41829265008641,107.12056110587268,107.79840564784732,181299164.6
USDT_BTC,1621310400,106.77121432893168,101.43265361248508,105.01355012853104,105.49488391423174,208363426.4
USDT_BTC,1621306800,106.24510568236711,100.93285039824875,103.812041747606,104.47925868079213,122353911.3
USDT_BTC,1621303200,107.31746105104976,101.95158799849727,104.40388443485789,103.23462062654967,168042412.7
USDT_BTC,1621299600,108.02420936776797,102.62299889937957,104.94783666202893,105.2868350310286,294718581.9
USDT_BTC,1621296000,109.53043289847287,104.05391125354922,107.01052748156711,107.05095108162745,274430074
USDT_BTC,1621292400,111.23292855927768,105.67128213131379,108.17073785851812,108.36611238235837,231983959.4
USDT_BTC,1621288800,110.07050208636146,104.56697698204339,107.3026760111027,107.52702459510223,278747733.1
USDT_BTC,1621285200,110.70760137621227,105.17222130740164,108.2891969319447,107.4751290667807,182675946.8
USDT_BTC,1621281600,111.92498671032017,106.32873737480416,109.2346177919407,109.20252411734222,182869069.3
USDT_BTC,1621278000,110.7539338304581,105.21623713893518,107.4527269757022,108.00349861306314,242018960.8
USDT_BTC,1621274400,113.30152023419238,107.63644422248275,110.55113795496707,110.16875956727078,317930324.2
USDT_BTC,1621270800,112.56400985903565,106.93580936608386,109.59246632023927,110.0493856058009,392692743.9
USDT_BTC,1621267200,108.94528216897893,103.49801806052999,106.09430336036121,106.38481139416446,380442842.7
USDT_BTC,1621263600,111.9197857699784,106.32379648147948,108.50050908873125,109.14834671414833,273101584.4
USDT_BTC,1621260000,109.74038525918922,104.25336599622976,106.58354438399068,107.16845354636925,275591773.1
USDT_BTC,1621256400,107.92926578777721,102.53280249838835,104.69400090811648,104.6583770040779,195565400.4
USDT_BTC,1621252800,107.30793545811304,101.94253868520738,104.46030329763549,105.1257688796958,285964102.7
USDT_BTC,1621249200,108.29071829448176,102.87618237975767,105.3477009679377,105.52063263790399,299783585.9
USDT_BTC,1621245600,108.25764149751788,102.84475942264199,105.39245283213555,105.9278343072409,255700269.5
USDT_BTC,1621242000,107.98632547969493,102.58700920571017,104.82655391441378,106.42985000427612,215813496.8
USDT_BTC,1621238400,103.73706025715006,98.55020724429255,101.56539589605202,101.5961009837606,305252998.6
USDT_BTC,1621234800,104.78721756274012,99.54785668460312,102.10632126409962,101.67407467298321,293636586.2
USDT_BTC,1621231200,105.08731363872022,99.8329479567842,101.73798055427265,102.14894334207123,515102067.9
USDT_BTC,1621227600,103.1408017995834,97.98376170960422,101.15738988883241,100.15872142119068,397210741.4
USDT_BTC,1621224000,99.63078382205073,94.64924463094819,97.03181456109667,97.1272086651649,570506419.3
USDT_BTC,1621220400,103.53158912496745,98.35500966871908,100.41965904453073,100.08909316004473,518776989
USDT_BTC,1621216800,95.7752568945993,90.98649404986932,94.06003141846679,93.81021896641889,255853933.5
USDT_BTC,1621213200,99.40586802662135,94.43557462529027,96.693375477254,96.76519481188843,290578727.6
USDT_BTC,1621209600,101.38181720963084,96.31272634914929,98.62301682559752,97.83583251313867,188955275.5
USDT_BTC,1621206000,96.33060549398752,91.51407521928815,93.56549497162085,95.09362845221415,180356384.6
USDT_BTC,1621202400,93.82360224589975,89.13242213360476,91.98538324220218,91.56452973270353,267417674
USDT_BTC,1621198800,97.00986497373587,92.15937172504907,93.92626258445567,94.86461379191871,340577449.1
USDT_BTC,1621195200,89.58539592991441,85.10612613341868,87.07277242370446,88.27512791115511,508083166.1
USDT_BTC,1621191600,94.52738462101652,89.8010153899657,92.90980916961514,92.07607752787146,510824938.2
USDT_BTC,1621188000,93.89164977944982,89.19706729047732,91.57056259910662,91.12400549533355,509186062
USDT_BTC,1621184400,90.19199388738237,85.68239419301324,87.37243775141859,88.11323917757545,397503893.3
USDT_BTC,1621180800,91.16563712007466,86.60735526407093,88.69632996328279,88.83465041825414,290162172.7
USDT_BTC,1621177200,93.1096657911575,88.45418250159962,90.86505688708655,90.8779561480008,208712774
USDT_BTC,1621173600,85.20062287450622,80.94059173078091,82.21178222207192,82.51068016027789,186287640.3
USDT_BTC,1621170000,90.67664723926127,86.1428148772982,88.45944016109368,87.75333896780921,148843563.1
USDT_BTC,1621166400,84.27115030859157,80.05759279316199,82.21084310265425,82.77437196157426,143016378.5
USDT_BTC,1621162800,82.15697406387042,78.0491253606769,80.57774803228149,80.53055475846713,121437654.4
USDT_BTC,1621159200,84.7553947615933,80.51762502351363,83.21857282276181,82.74226396429991,146516333.3
USDT_BTC,1621155600,82.78922932925532,78.64976786279254,79.95396964993526,81.12380012986493,146679299.8
USDT_BTC,1621152000,83.49124926053543,79.31668679750865,80.87811552072478,81.84012951408538,124722726.9
USDT_BTC,1621148400,79.29923988225651,75.33427788814369,77.70827287972807,77.53327776161777,131681355.2
USDT_BTC,1621144800,78.47432355940094,74.5506073814309,76.11613903638116,76.33069216413882,205784967.3
USDT_BTC,1621141200,79.19186692278807,75.23227357664867,77.07068838008978,76.94821598350642,79543003.64
USDT_BTC,1621137600,80.4687571404192,76.44531928339823,78.20460167495975,78.84750278605512,110028077.6
USDT_BTC,1621134000,78.79014853412662,74.85064110742029,76.85473511054103,76.87368764405319,105856132.6
USDT_BTC,1621130400,77.68212946420812,73.79802299099771,76.23353828708328,75.95102723857309,103498165.9
USDT_BTC,1621126800,74.53314992908885,70.8064924326344,72.7273553388078,72.29041820900758,143829883.4
USDT_BTC,1621123200,70.96626311774403,67.41794996185683,68.8629990061136,68.58205230220092,256947912.2
USDT_BTC,1621119600,76.27996667132989,72.46596833776339,74.1892951320671,74.34060130816835,236139758.3
USDT_BTC,1621116000,70.42477007674835,66.90353157291092,68.99298288785458,68.42534017775887,140828211.4
USDT_BTC,1621112400,73.89135362068168,70.1967859396476,71.70221217593185,72.22336929969273,85996600.74
USDT_BTC,1621108800,72.8095154583789,69.16903968545995,70.6325939810961,70.68603487663957,150580054.5
USDT_BTC,1621105200,70.68869825087114,67.15426333832758,69.18924069804837,68.97672173599271,260847281.8
USDT_BTC,1621101600,69.0116170093959,65.5610361589261,67.44099425117278,67.8096749314234,151100555.7
USDT_BTC,1621098000,68.8323590224355,65.39074107131371,66.85784005936554,66.50404550455039,234686773.4
USDT_BTC,1621094400,70.15417991616336,66.64647092035518,67.73632311557142,68.49797727243954,322666496.8
USDT_BTC,1621090800,67.740289658884,64.35327517593979,65.96780526003818,65.88254241678992,158925705.1
USDT_BTC,1621087200,74.2548686398051,70.54212520781483,72.81855081754874,72.46627404752923,257950577.3
USDT_BTC,1621083600,66.40103575031802,63.080983962802115,64.4877341534404,64.98663723408498,159029983.1
USDT_BTC,1621080000,69.06689903243094,65.6135540808094,67.16886038682537,67.50621841877103,157164463.4
USDT_BTC,1621076400,65.22162823730815,61.96054682544274,64.20756342678015,63.63329981573861,147188576.5
USDT_BTC,1621072800,61.50596129585761,58.43066323106473,59.86130643849846,60.38099094261171,264491723.5
USDT_BTC,1621069200,61.11205745838605,58.056454585466746,59.73520335382192,59.31724390527895,184124060.3
USDT_BTC,1621065600,66.37973152989804,63.06074495340313,64.92114979718124,65.37739885810777,186760891.2
USDT_BTC,1621062000,67.90486705517442,64.5096237024157,65.82599137281586,65.84846526046167,223648474.3
USDT_BTC,1621058400,62.054355909133605,58.95163811367692,60.52545292364461,60.14571868339203,220003403
USDT_BTC,1621054800,62.33939468277737,59.2224249486385,60.199006190223756,60.5885883231022,137281382.2
USDT_BTC,1621051200,63.94505999251328,60.74780699288761,61.95104461148698,63.13608287542298,144844769.4
USDT_BTC,1621047600,62.09125217768694,58.98668956880259,60.670630321669236,60.48081866093783,112008453.1
USDT_BTC,1621044000,59.97138212917559,56.97281302271681,58.81716794587331,58.16468052202008,107930677
USDT_BTC,1621040400,63.80512691424707,60.61487056853471,61.93355076270999,62.64411532258879,145524662
USDT_BTC,1621036800,63.60851430231743,60.42808858720156,62.02104528471862,62.05509850646096,161052312.5
USDT_BTC,1621033200,62.13943850131518,59.03246657624942,60.761174149636325,60.90257942672964,115238535.8
USDT_BTC,1621029600,62.00778929056605,58.90739982603775,60.32615396935338,61.05723342827874,101859821.7
USDT_BTC,1621026000,59.20452778563756,56.24430139635568,57.59667356716313,57.255151405066115,117047918.6
USDT_BTC,1621022400,58.33518905221567,55.418429599604885,57.18475816197956,56.65722989042146,209466633.5
USDT_BTC,1621018800,62.04428128409571,58.94206721989092,60.017700322804615,60.476189360167886,133292453.3
USDT_BTC,1621015200,63.977945513630175,60.779048237948665,62.753058936472144,62.44126925271107,173741355.8
USDT_BTC,1621011600,62.72061078058978,59.58458024156029,61.21400586320105,61.331960219952734,133616105.2
USDT_BTC,1621008000,62.11426036713753,59.00854734878065,60.04699496261168,60.377041180901024,191212371.6
USDT_BTC,1621004400,61.70221496120917,58.617104213148714,59.722968679797745,60.733208019563136,218352818.2
USDT_BTC,1621000800,58.476328088987486,55.55251168453811,57.13340963980689,56.833905440572096,152517810.1
USDT_BTC,1620997200,61.23556097837252,58.17378292945389,59.402073459669644,59.95703033013504,164858530.6
USDT_BTC,1620993600,60.50544468078992,57.48017244675042,59.33688067205064,59.32730465937094,168070633.4
USDT_BTC,1620990000,62.560871641729456,59.43282805964298,60.488828459045116,60.58862260463393,176243214.8
USDT_BTC,1620986400,64.94103817450736,61.69398626578199,63.184284229522575,63.28634936415656,199978548.7
USDT_BTC,1620982800,60.280641121997355,57.266609065897484,58.75173622566416,59.037036482000964,204007041.1
USDT_BTC,1620979200,60.583094105288495,57.55393940002407,59.61241533640622,58.844574903971264,172581504.8
USDT_BTC,1620975600,62.594363522880286,59.46464534673627,60.961852502289524,60.82827676696793,208219279.8
USDT_BTC,1620972000,61.21529398037626,58.15452928135744,59.29158469339126,60.11089209139903,169482635.1
USDT_BTC,1620968400,63.026361323105675,59.87504325695039,61.464735067370455,61.30644424974909,132162981.3
USDT_BTC,1620964800,66.10683445349278,62.80149273081814,64.6173205629077,64.07965721446118,193500416.2
USDT_BTC,1620961200,61.53727756422791,58.46041368601651,60.15513001900749,60.02374617647417,137960403.5
USDT_BTC,1620957600,62.81693790530254,59.67609101003741,61.650930147104724,61.48798351469438,156120749.2
USDT_BTC,1620954000,62.783964504872664,59.644766279629025,60.78634262207762,60.88759299280544,163132723.8
USDT_BTC,1620950400,62.266662227453544,59.15332911608086,61.07246227875507,60.82109148608448,223240429.3
USDT_BTC,1620946800,63.62210405283869,60.44099885019675,62.52134518009411,61.59128954608642,186472761.5
USDT_BTC,1620943200,66.17813422040241,62.86922750938229,64.74483122193111,64.63926546200017,176481652.1
USDT_BTC,1620939600,65.42481042435331,62.15356990313564,63.65563283042283,63.63026185264409,128484104.8
USDT_BTC,1620936000,63.261913437402285,60.09881776553217,61.702622894954374,61.70921513522413,199796526.9
USDT_BTC,1620932400,67.06754001376969,63.7141630130812,66.17956915152908,65.44928251277322,239925381.6
USDT_BTC,1620928800,65.29443982519979,62.0297178339398,63.52575957480152,63.10838461820543,308258295.1
USDT_BTC,1620925200,69.78182170005118,66.29273061504863,68.17941595121289,68.22610904405578,558009110.9
USDT_BTC,1620921600,65.83502838666192,62.54327696732882,64.6850215892517,64.0811719042362,297604819.9
USDT_BTC,1620918000,62.40887031478119,59.28842679904213,60.9410889975551,60.94222875339157,248565796.1
USDT_BTC,1620914400,67.20197945414506,63.841880481437805,65.53997622115752,65.66475590239827,189652725.6
USDT_BTC,1620910800,65.95830189415521,62.66038679944745,64.2354205210809,63.89177631492352,199239936.8
USDT_BTC,1620907200,67.27220106150031,63.90859100842529,65.54786042656424,65.91695060443236,229794940
USDT_BTC,1620903600,69.16791447433037,65.70951875061385,67.6080803982854,67.54088585921923,301930927.9
USDT_BTC,1620900000,67.59662458550272,64.21679335622758,65.86222232686151,66.51202593853576,435431030.9
USDT_BTC,1620896400,72.15184441161952,68.54425219103854,70.71395555215847,70.32167144902729,428217306.2
USDT_BTC,1620892800,70.08475738755588,66.58051951817808,68.29867952818451,68.27642039463676,232592649.4
USDT_BTC,1620889200,66.42854438961527,63.1071171701345,64.87149848420763,64.32280250997212,185205321.5
USDT_BTC,1620885600,71.15622592166451,67.59841462558128,69.17268926665007,70.120916626999,203717849.2
USDT_BTC,1620882000,70.21182129244389,66.70123022782168,68.07065329176162,68.19879019736386,191208599.8
USDT_BTC,1620878400,73.20003749375252,69.5400356190649,71.35178741558369,71.82445146757325,240732752.7
USDT_BTC,1620874800,67.31050260000815,63.944977470007736,66.29731037686614,65.65868553897793,311852531.9
USDT_BTC,1620871200,69.00879775437744,65.55835786665857,67.69246214317886,67.05353080168223,331628873.6
USDT_BTC,1620867600,68.71794268903646,65.28204555458464,67.03263187003407,66.97009474230818,505260633.4
USDT_BTC,1620864000,71.02306835572529,67.47191493793902,69.26663935103028,69.17069919551274,973630160.7
USDT_BTC,1620860400,70.2292931801458,66.71782852113851,68.44040653908876,68.22199912743247,715069364.2
USDT_BTC,1620856800,72.33795714933366,68.72105929186698,70.90493102790104,70.31191390200493,676718908.2
USDT_BTC,1620853200,71.82282392650023,68.23168273017522,69.85708841303716,69.80262487017383,103145563.7
USDT_BTC,1620849600,72.81903461841657,69.17808288749573,70.55620272543553,71.18520330902217,140526229.3
USDT_BTC,1620846000,72.63847631539888,69.00655249962892,70.79101435798688,70.84414412398584,247466595.7
USDT_BTC,1620842400,73.27643949644539,69.61261752162312,71.84324497872248,71.59468481119887,343628062.1
USDT_BTC,1620838800,74.0261892034583,70.32487974328538,71.77663024233463,72.650268590382,165238473.4
USDT_BTC,1620835200,78.14088368731038,74.23383950294486,76.07939990567084,76.00681562928683,354067709.4
USDT_BTC,1620831600,76.8209891545704,72.97993969684188,75.06836945302398,75.40505272107883,326193530.1
USDT_BTC,1620828000,78.57964346868542,74.65066129525114,77.16009585135573,76.46300082088426,205842239.1
USDT_BTC,1620824400,78.95151407348696,75.00393836981262,76.75975023282334,76.79576563702963,224847297.4
USDT_BTC,1620820800,76.64932307459388,72.81685692086418,74.59994040214956,75.10581972206224,153517969.4
USDT_BTC,1620817200,77.814966981973,73.92421863287434,75.65392763594194,75.16833836757208,153140805.4
USDT_BTC,1620813600,82.74988564777527,78.6123913653865,81.12816574686421,80.63180311177899,219724244.7
USDT_BTC,1620810000,79.83199658783369,75.840396758442,77.92314366678525,78.42401008441405,123128929.4
USDT_BTC,1620806400,81.2075707484506,77.14719221102807,78.87846851676538,78.99050149495913,189342722.1
USDT_BTC,1620802800,80.27628021104633,76.262466200494,78.7032452699536,77.89826484193206,109394739.3
USDT_BTC,1620799200,82.14117992947621,78.0341209330024,79.94396452343385,80.63081494798585,143780815
USDT_BTC,1620795600,84.3666433818923,80.14831121279768,81.87294141981224,82.06270188243407,111754604.4
USDT_BTC,1620792000,81.49017549589915,77.41566672110419,80.02071966254286,79.59389331716568,155892290.9
USDT_BTC,1620788400,81.19851646993493,77.13859064643817,78.78123420849009,78.56235403552347,190172794.7
USDT_BTC,1620784800,84.06369429622715,79.8605095814158,81.1418935525702,82.0863651222712,127630722.6
USDT_BTC,1620781200,80.11064252274168,76.1051103966046,78.00731763072051,78.22564860038013,115276733.3
USDT_BTC,1620777600,86.67149187071502,82.33791727717926,84.39843235465088,83.63039601774143,180613749.4
USDT_BTC,1620774000,89.01981552149377,84.56882474541908,86.50930337700233,86.32113556170866,81179727.96
USDT_BTC,1620770400,81.90507353846942,77.80981986154595,80.34729123106183,79.58440284284606,82046392.84
USDT_BTC,1620766800,84.10840427385514,79.90298406016238,81.55351778623898,81.98752706766878,85140145.15
USDT_BTC,1620763200,85.28834384501876,81.02392665276781,82.88309592601975,83.88771771431578,92373309.9
USDT_BTC,1620759600,87.9042392197368,83.50902725874995,85.38269483493626,85.84133787022004,106475487.4
USDT_BTC,1620756000,88.13131510501012,83.7247493497596,84.88181191661016,85.49042542839098,114921068
USDT_BTC,1620752400,84.21901048669731,80.00805996236244,82.28677259729743,81.93464817764794,124546833.9
USDT_BTC,1620748800,88.08450245384817,83.68027733115576,86.63850785495474,86.1828312546581,196021598.7
USDT_BTC,1620745200,88.38612516339319,83.96681890522352,86.21302120888643,85.83584587741973,169655496.4
USDT_BTC,1620741600,91.82175077005499,87.23066323155224,89.96228799619186,89.51984848409437,173825464.5
USDT_BTC,1620738000,88.04886139151905,83.6464183219431,85.4663201071915,85.78105115927575,214886710.9
USDT_BTC,1620734400,89.95363453314324,85.45595280648608,87.39154072829928,86.89046915053599,212945648.8
USDT_BTC,1620730800,93.41160930792753,88.74102884253115,91.3290514786749,91.19666874413622,152021385
USDT_BTC,1620727200,87.5265396434674,83.15021266129403,85.56130338383937,85.11775234248407,143067532.9
USDT_BTC,1620723600,88.65541967887326,84.22264869492959,86.38346838157531,86.02685764139147,143200712
USDT_BTC,1620720000,87.21122296757542,82.85066181919665,85.65115632888121,84.65413495123643,174033659.9
USDT_BTC,1620716400,89.44191064106883,84.96981510901539,87.02867114790757,87.42679148817328,108985479.5
USDT_BTC,1620712800,85.6984063378973,81.41348602100243,83.45554230865953,83.4532207766814,140932264
USDT_BTC,1620709200,86.89066440840726,82.54613118798689,84.81371864088356,84.7584823195413,129084658.7
USDT_BTC,1620705600,90.1548389881183,85.64709703871237,88.02947734762856,88.20842108590492,146422537.9
USDT_BTC,1620702000,90.6051046398302,86.07484940783868,88.58921073049686,87.39537241208706,192696232.3
USDT_BTC,1620698400,87.68267496494028,83.29854121669325,85.55196615787209,85.07955681015889,199929706.3
USDT_BTC,1620694800,91.59515794575823,87.01540004847031,89.58464195358798,88.90719698219502,200051672.7
USDT_BTC,1620691200,89.56824556158008,85.08983328350108,87.21780186381265,86.64254123178071,198586929.2
USDT_BTC,1620687600,89.46695381120864,84.99360612064821,87.29271106640961,87.9106300510364,166505745.4
USDT_BTC,1620684000,88.27169309314442,83.85810843848719,86.31055501774863,85.17022140832215,188409471.2
USDT_BTC,1620680400,91.84132341357481,87.24925724289606,89.05618765389876,89.59812751600704,167433158.8
USDT_BTC,1620676800,88.1688662097043,83.76042289921908,85.50283995231109,85.36964562563183,628919850
USDT_BTC,1620673200,88.03934161376762,83.63737453307924,84.9778485716888,85.27430887869293,351004098.6
USDT_BTC,1620669600,89.31109918960632,84.84554423012601,86.95096711280645,87.39726564864412,250966493
USDT_BTC,1620666000,88.55966632219071,84.13168300608118,86.28102542400516,86.94747831874308,234213812.8
USDT_BTC,1620662400,90.43662210291265,85.91479099776701,87.61602101755072,88.11537699060058,246192433
USDT_BTC,1620658800,84.70908312769967,80.47362897131468,83.05610080192386,82.22689246593251,315255459.1
USDT_BTC,1620655200,90.43569583126256,85.91391103969943,88.57550278114577,88.04700214802092,234834031.1
USDT_BTC,1620651600,85.43713706784612,81.16528021445382,83.29437099567227,83.24453518431916,196355379.5
USDT_BTC,1620648000,83.68371707913835,79.49953122518143,81.81154175574294,81.57245955179944,202636698.6
USDT_BTC,1620644400,88.69930046083292,84.26433543779126,87.0304606252525,86.1501913087138,209370685.5
USDT_BTC,1620640800,86.47245479781992,82.14883205792893,84.62767346986809,84.20531867294801,156187329.4
USDT_BTC,1620637200,85.96172064944555,81.66363461697327,83.65952901602687,84.4900634501477,189540888.7
USDT_BTC,1620633600,86.87891021256314,82.53496470193498,85.52892072380968,84.57260413380229,168957552.9
USDT_BTC,1620630000,85.68192446081115,81.39782823777058,83.80448754477432,83.6772251593166,146907008.7
USDT_BTC,1620626400,85.6515518485238,81.3689742560976,83.3579047704358,83.23302120897449,106084476.6
USDT_BTC,1620622800,86.15500498805606,81.84725473865326,83.39558362536688,84.04616100792532,148774470.5
USDT_BTC,1620619200,85.4650113780682,81.19176080916479,84.44551902160707,83.19575479318465,181527842.5
USDT_BTC,1620615600,88.8881463641688,84.44373904596036,87.20020641002134,85.69538199090906,212740172
USDT_BTC,1620612000,82.94688214338287,78.79953803621372,80.39780868573462,81.18409879501534,127334860.2
USDT_BTC,1620608400,82.29295453609095,78.1783068092864,80.51125342644272,79.74752480598701,141956981.8
USDT_BTC,1620604800,87.35204506187597,82.98444280878216,85.16187142116247,85.29075786219556,159673740.2
USDT_BTC,1620601200,85.52829615247128,81.25188134484772,83.03685789860926,83.89300626364253,118302824
USDT_BTC,1620597600,83.17947171118686,79.02049812562751,80.79797988434072,80.67805317908547,128249358.8
USDT_BTC,1620594000,82.01378914836185,77.91309969094375,79.79009213902138,79.65189730291243,111504698.6
USDT_BTC,1620590400,86.23745092006679,81.92557837406345,84.30274403724049,83.44401967909309,154297201.6
USDT_BTC,1620586800,85.03654000706729,80.78471300671391,82.9037637462066,82.49002972411118,142841978.4
USDT_BTC,1620583200,85.19087585024458,80.93133205773235,83.16062109433425,82.44086566013274,87961358.68
USDT_BTC,1620579600,88.14205645919293,83.73495363623329,85.6801790214838,85.88541634404434,92803132.3
USDT_BTC,1620576000,87.58655102465693,83.20722347342408,86.13590265809172,85.82026817223436,144133783.7
USDT_BTC,1620572400,83.70142371703574,79.51635253118394,80.98174537199662,81.8801306365742,108258429.3
USDT_BTC,1620568800,86.60724504777608,82.27688279538727,84.48440812659781,84.49971853334193,128578309.9
USDT_BTC,1620565200,87.9667467007874,83.56840936574802,85.96063715002754,85.82188071722821,202331949.6
USDT_BTC,1620561600,84.79281019078383,80.55316968124463,82.71993290137543,82.58408484808237,418959979.9
USDT_BTC,1620558000,84.73752486540788,80.50064862213748,82.45347349957109,82.64399991559173,125199288.1
USDT_BTC,1620554400,89.61918854091616,85.13822911387034,86.86531645793995,87.61402000044632,142785493.3
USDT_BTC,1620550800,84.24487784497967,80.03263395273068,82.11335728334598,81.87844929434488,168676077.6
